date_id,full_date,year,quarter,month,week,day,is_weekend,is_holiday
20220101,2022-01-01,2022,1,1,52,1,1,0
20220102,2022-01-02,2022,1,1,52,2,1,0
20220103,2022-01-03,2022,1,1,1,3,0,1
20220104,2022-01-04,2022,1,1,1,4,0,1
20220105,2022-01-05,2022,1,1,1,5,0,0
20220106,2022-01-06,2022,1,1,1,6,0,1
20220107,2022-01-07,2022,1,1,1,7,0,0
20220108,2022-01-08,2022,1,1,1,8,1,0
20220109,2022-01-09,2022,1,1,1,9,1,0
20220110,2022-01-10,2022,1,1,2,10,0,0
20220111,2022-01-11,2022,1,1,2,11,0,0
20220112,2022-01-12,2022,1,1,2,12,0,0
20220113,2022-01-13,2022,1,1,2,13,0,0
20220114,2022-01-14,2022,1,1,2,14,0,0
20220115,2022-01-15,2022,1,1,2,15,1,0
20220116,2022-01-16,2022,1,1,2,16,1,1
20220117,2022-01-17,2022,1,1,3,17,0,0
20220118,2022-01-18,2022,1,1,3,18,0,0
20220119,2022-01-19,2022,1,1,3,19,0,0
20220120,2022-01-20,2022,1,1,3,20,0,0
20220121,2022-01-21,2022,1,1,3,21,0,0
20220122,2022-01-22,2022,1,1,3,22,1,1
20220123,2022-01-23,2022,1,1,3,23,1,0
20220124,2022-01-24,2022,1,1,4,24,0,0
20220125,2022-01-25,2022,1,1,4,25,0,0
20220126,2022-01-26,2022,1,1,4,26,0,1
20220127,2022-01-27,2022,1,1,4,27,0,0
20220128,2022-01-28,2022,1,1,4,28,0,0
20220129,2022-01-29,2022,1,1,4,29,1,0
20220130,2022-01-30,2022,1,1,4,30,1,0
20220131,2022-01-31,2022,1,1,5,31,0,0
20220201,2022-02-01,2022,1,2,5,1,0,0
20220202,2022-02-02,2022,1,2,5,2,0,0
20220203,2022-02-03,2022,1,2,5,3,0,0
20220204,2022-02-04,2022,1,2,5,4,0,0
20220205,2022-02-05,2022,1,2,5,5,1,0
20220206,2022-02-06,2022,1,2,5,6,1,0
20220207,2022-02-07,2022,1,2,6,7,0,0
20220208,2022-02-08,2022,1,2,6,8,0,0
20220209,2022-02-09,2022,1,2,6,9,0,0
20220210,2022-02-10,2022,1,2,6,10,0,0
20220211,2022-02-11,2022,1,2,6,11,0,1
20220212,2022-02-12,2022,1,2,6,12,1,0
20220213,2022-02-13,2022,1,2,6,13,1,0
20220214,2022-02-14,2022,1,2,7,14,0,0
20220215,2022-02-15,2022,1,2,7,15,0,0
20220216,2022-02-16,2022,1,2,7,16,0,0
20220217,2022-02-17,2022,1,2,7,17,0,0
20220218,2022-02-18,2022,1,2,7,18,0,1
20220219,2022-02-19,2022,1,2,7,19,1,0
20220220,2022-02-20,2022,1,2,7,20,1,1
20220221,2022-02-21,2022,1,2,8,21,0,1
20220222,2022-02-22,2022,1,2,8,22,0,1
20220223,2022-02-23,2022,1,2,8,23,0,0
20220224,2022-02-24,2022,1,2,8,24,0,0
20220225,2022-02-25,2022,1,2,8,25,0,0
20220226,2022-02-26,2022,1,2,8,26,1,1
20220227,2022-02-27,2022,1,2,8,27,1,1
20220228,2022-02-28,2022,1,2,9,28,0,0
20220301,2022-03-01,2022,1,3,9,1,0,0
20220302,2022-03-02,2022,1,3,9,2,0,0
20220303,2022-03-03,2022,1,3,9,3,0,0
20220304,2022-03-04,2022,1,3,9,4,0,0
20220305,2022-03-05,2022,1,3,9,5,1,0
20220306,2022-03-06,2022,1,3,9,6,1,0
20220307,2022-03-07,2022,1,3,10,7,0,1
20220308,2022-03-08,2022,1,3,10,8,0,0
20220309,2022-03-09,2022,1,3,10,9,0,0
20220310,2022-03-10,2022,1,3,10,10,0,0
20220311,2022-03-11,2022,1,3,10,11,0,0
20220312,2022-03-12,2022,1,3,10,12,1,0
20220313,2022-03-13,2022,1,3,10,13,1,0
20220314,2022-03-14,2022,1,3,11,14,0,0
20220315,2022-03-15,2022,1,3,11,15,0,1
20220316,2022-03-16,2022,1,3,11,16,0,0
20220317,2022-03-17,2022,1,3,11,17,0,0
20220318,2022-03-18,2022,1,3,11,18,0,0
20220319,2022-03-19,2022,1,3,11,19,1,0
20220320,2022-03-20,2022,1,3,11,20,1,0
20220321,2022-03-21,2022,1,3,12,21,0,0
20220322,2022-03-22,2022,1,3,12,22,0,0
20220323,2022-03-23,2022,1,3,12,23,0,0
20220324,2022-03-24,2022,1,3,12,24,0,0
20220325,2022-03-25,2022,1,3,12,25,0,0
20220326,2022-03-26,2022,1,3,12,26,1,0
20220327,2022-03-27,2022,1,3,12,27,1,0
20220328,2022-03-28,2022,1,3,13,28,0,0
20220329,2022-03-29,2022,1,3,13,29,0,0
20220330,2022-03-30,2022,1,3,13,30,0,0
20220331,2022-03-31,2022,1,3,13,31,0,0
20220401,2022-04-01,2022,2,4,13,1,0,0
20220402,2022-04-02,2022,2,4,13,2,1,1
20220403,2022-04-03,2022,2,4,13,3,1,0
20220404,2022-04-04,2022,2,4,14,4,0,1
20220405,2022-04-05,2022,2,4,14,5,0,0
20220406,2022-04-06,2022,2,4,14,6,0,0
20220407,2022-04-07,2022,2,4,14,7,0,1
20220408,2022-04-08,2022,2,4,14,8,0,1
20220409,2022-04-09,2022,2,4,14,9,1,0
20220410,2022-04-10,2022,2,4,14,10,1,0
20220411,2022-04-11,2022,2,4,15,11,0,0
20220412,2022-04-12,2022,2,4,15,12,0,0
20220413,2022-04-13,2022,2,4,15,13,0,0
20220414,2022-04-14,2022,2,4,15,14,0,0
20220415,2022-04-15,2022,2,4,15,15,0,0
20220416,2022-04-16,2022,2,4,15,16,1,0
20220417,2022-04-17,2022,2,4,15,17,1,0
20220418,2022-04-18,2022,2,4,16,18,0,1
20220419,2022-04-19,2022,2,4,16,19,0,0
20220420,2022-04-20,2022,2,4,16,20,0,0
20220421,2022-04-21,2022,2,4,16,21,0,1
20220422,2022-04-22,2022,2,4,16,22,0,0
20220423,2022-04-23,2022,2,4,16,23,1,0
20220424,2022-04-24,2022,2,4,16,24,1,0
20220425,2022-04-25,2022,2,4,17,25,0,0
20220426,2022-04-26,2022,2,4,17,26,0,0
20220427,2022-04-27,2022,2,4,17,27,0,0
20220428,2022-04-28,2022,2,4,17,28,0,0
20220429,2022-04-29,2022,2,4,17,29,0,0
20220430,2022-04-30,2022,2,4,17,30,1,1
20220501,2022-05-01,2022,2,5,17,1,1,0
20220502,2022-05-02,2022,2,5,18,2,0,0
20220503,2022-05-03,2022,2,5,18,3,0,1
20220504,2022-05-04,2022,2,5,18,4,0,0
20220505,2022-05-05,2022,2,5,18,5,0,0
20220506,2022-05-06,2022,2,5,18,6,0,1
20220507,2022-05-07,2022,2,5,18,7,1,0
20220508,2022-05-08,2022,2,5,18,8,1,0
20220509,2022-05-09,2022,2,5,19,9,0,0
20220510,2022-05-10,2022,2,5,19,10,0,0
20220511,2022-05-11,2022,2,5,19,11,0,1
20220512,2022-05-12,2022,2,5,19,12,0,1
20220513,2022-05-13,2022,2,5,19,13,0,0
20220514,2022-05-14,2022,2,5,19,14,1,0
20220515,2022-05-15,2022,2,5,19,15,1,0
20220516,2022-05-16,2022,2,5,20,16,0,1
20220517,2022-05-17,2022,2,5,20,17,0,0
20220518,2022-05-18,2022,2,5,20,18,0,0
20220519,2022-05-19,2022,2,5,20,19,0,0
20220520,2022-05-20,2022,2,5,20,20,0,0
20220521,2022-05-21,2022,2,5,20,21,1,1
20220522,2022-05-22,2022,2,5,20,22,1,0
20220523,2022-05-23,2022,2,5,21,23,0,1
20220524,2022-05-24,2022,2,5,21,24,0,0
20220525,2022-05-25,2022,2,5,21,25,0,0
20220526,2022-05-26,2022,2,5,21,26,0,0
20220527,2022-05-27,2022,2,5,21,27,0,0
20220528,2022-05-28,2022,2,5,21,28,1,0
20220529,2022-05-29,2022,2,5,21,29,1,1
20220530,2022-05-30,2022,2,5,22,30,0,0
20220531,2022-05-31,2022,2,5,22,31,0,0
20220601,2022-06-01,2022,2,6,22,1,0,0
20220602,2022-06-02,2022,2,6,22,2,0,0
20220603,2022-06-03,2022,2,6,22,3,0,0
20220604,2022-06-04,2022,2,6,22,4,1,0
20220605,2022-06-05,2022,2,6,22,5,1,1
20220606,2022-06-06,2022,2,6,23,6,0,0
20220607,2022-06-07,2022,2,6,23,7,0,1
20220608,2022-06-08,2022,2,6,23,8,0,0
20220609,2022-06-09,2022,2,6,23,9,0,0
20220610,2022-06-10,2022,2,6,23,10,0,1
20220611,2022-06-11,2022,2,6,23,11,1,1
20220612,2022-06-12,2022,2,6,23,12,1,1
20220613,2022-06-13,2022,2,6,24,13,0,0
20220614,2022-06-14,2022,2,6,24,14,0,0
20220615,2022-06-15,2022,2,6,24,15,0,0
20220616,2022-06-16,2022,2,6,24,16,0,1
20220617,2022-06-17,2022,2,6,24,17,0,0
20220618,2022-06-18,2022,2,6,24,18,1,0
20220619,2022-06-19,2022,2,6,24,19,1,0
20220620,2022-06-20,2022,2,6,25,20,0,1
20220621,2022-06-21,2022,2,6,25,21,0,0
20220622,2022-06-22,2022,2,6,25,22,0,0
20220623,2022-06-23,2022,2,6,25,23,0,0
20220624,2022-06-24,2022,2,6,25,24,0,0
20220625,2022-06-25,2022,2,6,25,25,1,0
20220626,2022-06-26,2022,2,6,25,26,1,0
20220627,2022-06-27,2022,2,6,26,27,0,0
20220628,2022-06-28,2022,2,6,26,28,0,0
20220629,2022-06-29,2022,2,6,26,29,0,0
20220630,2022-06-30,2022,2,6,26,30,0,0
20220701,2022-07-01,2022,3,7,26,1,0,1
20220702,2022-07-02,2022,3,7,26,2,1,0
20220703,2022-07-03,2022,3,7,26,3,1,0
20220704,2022-07-04,2022,3,7,27,4,0,1
20220705,2022-07-05,2022,3,7,27,5,0,1
20220706,2022-07-06,2022,3,7,27,6,0,0
20220707,2022-07-07,2022,3,7,27,7,0,0
20220708,2022-07-08,2022,3,7,27,8,0,0
20220709,2022-07-09,2022,3,7,27,9,1,0
20220710,2022-07-10,2022,3,7,27,10,1,1
20220711,2022-07-11,2022,3,7,28,11,0,0
20220712,2022-07-12,2022,3,7,28,12,0,0
20220713,2022-07-13,2022,3,7,28,13,0,0
20220714,2022-07-14,2022,3,7,28,14,0,1
20220715,2022-07-15,2022,3,7,28,15,0,0
20220716,2022-07-16,2022,3,7,28,16,1,0
20220717,2022-07-17,2022,3,7,28,17,1,0
20220718,2022-07-18,2022,3,7,29,18,0,1
20220719,2022-07-19,2022,3,7,29,19,0,0
20220720,2022-07-20,2022,3,7,29,20,0,0
20220721,2022-07-21,2022,3,7,29,21,0,0
20220722,2022-07-22,2022,3,7,29,22,0,0
20220723,2022-07-23,2022,3,7,29,23,1,0
20220724,2022-07-24,2022,3,7,29,24,1,0
20220725,2022-07-25,2022,3,7,30,25,0,0
20220726,2022-07-26,2022,3,7,30,26,0,0
20220727,2022-07-27,2022,3,7,30,27,0,0
20220728,2022-07-28,2022,3,7,30,28,0,1
20220729,2022-07-29,2022,3,7,30,29,0,0
20220730,2022-07-30,2022,3,7,30,30,1,0
20220731,2022-07-31,2022,3,7,30,31,1,1
20220801,2022-08-01,2022,3,8,31,1,0,0
20220802,2022-08-02,2022,3,8,31,2,0,0
20220803,2022-08-03,2022,3,8,31,3,0,1
20220804,2022-08-04,2022,3,8,31,4,0,0
20220805,2022-08-05,2022,3,8,31,5,0,1
20220806,2022-08-06,2022,3,8,31,6,1,1
20220807,2022-08-07,2022,3,8,31,7,1,0
20220808,2022-08-08,2022,3,8,32,8,0,0
20220809,2022-08-09,2022,3,8,32,9,0,0
20220810,2022-08-10,2022,3,8,32,10,0,0
20220811,2022-08-11,2022,3,8,32,11,0,0
20220812,2022-08-12,2022,3,8,32,12,0,0
20220813,2022-08-13,2022,3,8,32,13,1,0
20220814,2022-08-14,2022,3,8,32,14,1,0
20220815,2022-08-15,2022,3,8,33,15,0,0
20220816,2022-08-16,2022,3,8,33,16,0,0
20220817,2022-08-17,2022,3,8,33,17,0,0
20220818,2022-08-18,2022,3,8,33,18,0,0
20220819,2022-08-19,2022,3,8,33,19,0,0
20220820,2022-08-20,2022,3,8,33,20,1,0
20220821,2022-08-21,2022,3,8,33,21,1,0
20220822,2022-08-22,2022,3,8,34,22,0,0
20220823,2022-08-23,2022,3,8,34,23,0,0
20220824,2022-08-24,2022,3,8,34,24,0,1
20220825,2022-08-25,2022,3,8,34,25,0,0
20220826,2022-08-26,2022,3,8,34,26,0,1
20220827,2022-08-27,2022,3,8,34,27,1,0
20220828,2022-08-28,2022,3,8,34,28,1,0
20220829,2022-08-29,2022,3,8,35,29,0,0
20220830,2022-08-30,2022,3,8,35,30,0,0
20220831,2022-08-31,2022,3,8,35,31,0,0
20220901,2022-09-01,2022,3,9,35,1,0,1
20220902,2022-09-02,2022,3,9,35,2,0,0
20220903,2022-09-03,2022,3,9,35,3,1,0
20220904,2022-09-04,2022,3,9,35,4,1,0
20220905,2022-09-05,2022,3,9,36,5,0,1
20220906,2022-09-06,2022,3,9,36,6,0,0
20220907,2022-09-07,2022,3,9,36,7,0,0
20220908,2022-09-08,2022,3,9,36,8,0,1
20220909,2022-09-09,2022,3,9,36,9,0,0
20220910,2022-09-10,2022,3,9,36,10,1,0
20220911,2022-09-11,2022,3,9,36,11,1,0
20220912,2022-09-12,2022,3,9,37,12,0,0
20220913,2022-09-13,2022,3,9,37,13,0,0
20220914,2022-09-14,2022,3,9,37,14,0,0
20220915,2022-09-15,2022,3,9,37,15,0,1
20220916,2022-09-16,2022,3,9,37,16,0,0
20220917,2022-09-17,2022,3,9,37,17,1,0
20220918,2022-09-18,2022,3,9,37,18,1,0
20220919,2022-09-19,2022,3,9,38,19,0,0
20220920,2022-09-20,2022,3,9,38,20,0,0
20220921,2022-09-21,2022,3,9,38,21,0,1
20220922,2022-09-22,2022,3,9,38,22,0,0
20220923,2022-09-23,2022,3,9,38,23,0,0
20220924,2022-09-24,2022,3,9,38,24,1,1
20220925,2022-09-25,2022,3,9,38,25,1,0
20220926,2022-09-26,2022,3,9,39,26,0,0
20220927,2022-09-27,2022,3,9,39,27,0,1
20220928,2022-09-28,2022,3,9,39,28,0,0
20220929,2022-09-29,2022,3,9,39,29,0,1
20220930,2022-09-30,2022,3,9,39,30,0,0
20221001,2022-10-01,2022,4,10,39,1,1,1
20221002,2022-10-02,2022,4,10,39,2,1,0
20221003,2022-10-03,2022,4,10,40,3,0,1
20221004,2022-10-04,2022,4,10,40,4,0,0
20221005,2022-10-05,2022,4,10,40,5,0,0
20221006,2022-10-06,2022,4,10,40,6,0,1
20221007,2022-10-07,2022,4,10,40,7,0,0
20221008,2022-10-08,2022,4,10,40,8,1,1
20221009,2022-10-09,2022,4,10,40,9,1,0
20221010,2022-10-10,2022,4,10,41,10,0,0
20221011,2022-10-11,2022,4,10,41,11,0,0
20221012,2022-10-12,2022,4,10,41,12,0,1
20221013,2022-10-13,2022,4,10,41,13,0,1
20221014,2022-10-14,2022,4,10,41,14,0,1
20221015,2022-10-15,2022,4,10,41,15,1,0
20221016,2022-10-16,2022,4,10,41,16,1,0
20221017,2022-10-17,2022,4,10,42,17,0,0
20221018,2022-10-18,2022,4,10,42,18,0,0
20221019,2022-10-19,2022,4,10,42,19,0,0
20221020,2022-10-20,2022,4,10,42,20,0,0
20221021,2022-10-21,2022,4,10,42,21,0,0
20221022,2022-10-22,2022,4,10,42,22,1,0
20221023,2022-10-23,2022,4,10,42,23,1,0
20221024,2022-10-24,2022,4,10,43,24,0,0
20221025,2022-10-25,2022,4,10,43,25,0,0
20221026,2022-10-26,2022,4,10,43,26,0,0
20221027,2022-10-27,2022,4,10,43,27,0,0
20221028,2022-10-28,2022,4,10,43,28,0,0
20221029,2022-10-29,2022,4,10,43,29,1,0
20221030,2022-10-30,2022,4,10,43,30,1,0
20221031,2022-10-31,2022,4,10,44,31,0,0
20221101,2022-11-01,2022,4,11,44,1,0,1
20221102,2022-11-02,2022,4,11,44,2,0,0
20221103,2022-11-03,2022,4,11,44,3,0,0
20221104,2022-11-04,2022,4,11,44,4,0,0
20221105,2022-11-05,2022,4,11,44,5,1,0
20221106,2022-11-06,2022,4,11,44,6,1,0
20221107,2022-11-07,2022,4,11,45,7,0,0
20221108,2022-11-08,2022,4,11,45,8,0,0
20221109,2022-11-09,2022,4,11,45,9,0,0
20221110,2022-11-10,2022,4,11,45,10,0,0
20221111,2022-11-11,2022,4,11,45,11,0,0
20221112,2022-11-12,2022,4,11,45,12,1,0
20221113,2022-11-13,2022,4,11,45,13,1,0
20221114,2022-11-14,2022,4,11,46,14,0,1
20221115,2022-11-15,2022,4,11,46,15,0,1
20221116,2022-11-16,2022,4,11,46,16,0,0
20221117,2022-11-17,2022,4,11,46,17,0,1
20221118,2022-11-18,2022,4,11,46,18,0,0
20221119,2022-11-19,2022,4,11,46,19,1,0
20221120,2022-11-20,2022,4,11,46,20,1,0
20221121,2022-11-21,2022,4,11,47,21,0,0
20221122,2022-11-22,2022,4,11,47,22,0,1
20221123,2022-11-23,2022,4,11,47,23,0,0
20221124,2022-11-24,2022,4,11,47,24,0,1
20221125,2022-11-25,2022,4,11,47,25,0,0
20221126,2022-11-26,2022,4,11,47,26,1,0
20221127,2022-11-27,2022,4,11,47,27,1,0
20221128,2022-11-28,2022,4,11,48,28,0,0
20221129,2022-11-29,2022,4,11,48,29,0,0
20221130,2022-11-30,2022,4,11,48,30,0,0
20221201,2022-12-01,2022,4,12,48,1,0,0
20221202,2022-12-02,2022,4,12,48,2,0,0
20221203,2022-12-03,2022,4,12,48,3,1,0
20221204,2022-12-04,2022,4,12,48,4,1,0
20221205,2022-12-05,2022,4,12,49,5,0,0
20221206,2022-12-06,2022,4,12,49,6,0,0
20221207,2022-12-07,2022,4,12,49,7,0,1
20221208,2022-12-08,2022,4,12,49,8,0,1
20221209,2022-12-09,2022,4,12,49,9,0,0
20221210,2022-12-10,2022,4,12,49,10,1,0
20221211,2022-12-11,2022,4,12,49,11,1,0
20221212,2022-12-12,2022,4,12,50,12,0,0
20221213,2022-12-13,2022,4,12,50,13,0,1
20221214,2022-12-14,2022,4,12,50,14,0,0
20221215,2022-12-15,2022,4,12,50,15,0,0
20221216,2022-12-16,2022,4,12,50,16,0,0
20221217,2022-12-17,2022,4,12,50,17,1,0
20221218,2022-12-18,2022,4,12,50,18,1,0
20221219,2022-12-19,2022,4,12,51,19,0,0
20221220,2022-12-20,2022,4,12,51,20,0,0
20221221,2022-12-21,2022,4,12,51,21,0,0
20221222,2022-12-22,2022,4,12,51,22,0,0
20221223,2022-12-23,2022,4,12,51,23,0,0
20221224,2022-12-24,2022,4,12,51,24,1,0
20221225,2022-12-25,2022,4,12,51,25,1,0
20221226,2022-12-26,2022,4,12,52,26,0,0
20221227,2022-12-27,2022,4,12,52,27,0,0
20221228,2022-12-28,2022,4,12,52,28,0,0
20221229,2022-12-29,2022,4,12,52,29,0,1
20221230,2022-12-30,2022,4,12,52,30,0,1
20221231,2022-12-31,2022,4,12,52,31,1,0
20230101,2023-01-01,2023,1,1,52,1,1,0
20230102,2023-01-02,2023,1,1,1,2,0,0
20230103,2023-01-03,2023,1,1,1,3,0,0
20230104,2023-01-04,2023,1,1,1,4,0,0
20230105,2023-01-05,2023,1,1,1,5,0,0
20230106,2023-01-06,2023,1,1,1,6,0,0
20230107,2023-01-07,2023,1,1,1,7,1,1
20230108,2023-01-08,2023,1,1,1,8,1,0
20230109,2023-01-09,2023,1,1,2,9,0,0
20230110,2023-01-10,2023,1,1,2,10,0,0
20230111,2023-01-11,2023,1,1,2,11,0,0
20230112,2023-01-12,2023,1,1,2,12,0,0
20230113,2023-01-13,2023,1,1,2,13,0,0
20230114,2023-01-14,2023,1,1,2,14,1,0
20230115,2023-01-15,2023,1,1,2,15,1,0
20230116,2023-01-16,2023,1,1,3,16,0,0
20230117,2023-01-17,2023,1,1,3,17,0,0
20230118,2023-01-18,2023,1,1,3,18,0,0
20230119,2023-01-19,2023,1,1,3,19,0,1
20230120,2023-01-20,2023,1,1,3,20,0,0
20230121,2023-01-21,2023,1,1,3,21,1,0
20230122,2023-01-22,2023,1,1,3,22,1,0
20230123,2023-01-23,2023,1,1,4,23,0,0
20230124,2023-01-24,2023,1,1,4,24,0,0
20230125,2023-01-25,2023,1,1,4,25,0,0
20230126,2023-01-26,2023,1,1,4,26,0,0
20230127,2023-01-27,2023,1,1,4,27,0,0
20230128,2023-01-28,2023,1,1,4,28,1,0
20230129,2023-01-29,2023,1,1,4,29,1,1
20230130,2023-01-30,2023,1,1,5,30,0,0
20230131,2023-01-31,2023,1,1,5,31,0,1
20230201,2023-02-01,2023,1,2,5,1,0,1
20230202,2023-02-02,2023,1,2,5,2,0,1
20230203,2023-02-03,2023,1,2,5,3,0,0
20230204,2023-02-04,2023,1,2,5,4,1,0
20230205,2023-02-05,2023,1,2,5,5,1,0
20230206,2023-02-06,2023,1,2,6,6,0,1
20230207,2023-02-07,2023,1,2,6,7,0,0
20230208,2023-02-08,2023,1,2,6,8,0,0
20230209,2023-02-09,2023,1,2,6,9,0,0
20230210,2023-02-10,2023,1,2,6,10,0,0
20230211,2023-02-11,2023,1,2,6,11,1,0
20230212,2023-02-12,2023,1,2,6,12,1,0
20230213,2023-02-13,2023,1,2,7,13,0,0
20230214,2023-02-14,2023,1,2,7,14,0,0
20230215,2023-02-15,2023,1,2,7,15,0,0
20230216,2023-02-16,2023,1,2,7,16,0,0
20230217,2023-02-17,2023,1,2,7,17,0,0
20230218,2023-02-18,2023,1,2,7,18,1,0
20230219,2023-02-19,2023,1,2,7,19,1,0
20230220,2023-02-20,2023,1,2,8,20,0,0
20230221,2023-02-21,2023,1,2,8,21,0,0
20230222,2023-02-22,2023,1,2,8,22,0,1
20230223,2023-02-23,2023,1,2,8,23,0,0
20230224,2023-02-24,2023,1,2,8,24,0,1
20230225,2023-02-25,2023,1,2,8,25,1,1
20230226,2023-02-26,2023,1,2,8,26,1,0
20230227,2023-02-27,2023,1,2,9,27,0,0
20230228,2023-02-28,2023,1,2,9,28,0,0
20230301,2023-03-01,2023,1,3,9,1,0,0
20230302,2023-03-02,2023,1,3,9,2,0,0
20230303,2023-03-03,2023,1,3,9,3,0,0
20230304,2023-03-04,2023,1,3,9,4,1,1
20230305,2023-03-05,2023,1,3,9,5,1,0
20230306,2023-03-06,2023,1,3,10,6,0,0
20230307,2023-03-07,2023,1,3,10,7,0,1
20230308,2023-03-08,2023,1,3,10,8,0,0
20230309,2023-03-09,2023,1,3,10,9,0,0
20230310,2023-03-10,2023,1,3,10,10,0,0
20230311,2023-03-11,2023,1,3,10,11,1,0
20230312,2023-03-12,2023,1,3,10,12,1,0
20230313,2023-03-13,2023,1,3,11,13,0,0
20230314,2023-03-14,2023,1,3,11,14,0,0
20230315,2023-03-15,2023,1,3,11,15,0,0
20230316,2023-03-16,2023,1,3,11,16,0,0
20230317,2023-03-17,2023,1,3,11,17,0,1
20230318,2023-03-18,2023,1,3,11,18,1,0
20230319,2023-03-19,2023,1,3,11,19,1,1
20230320,2023-03-20,2023,1,3,12,20,0,0
20230321,2023-03-21,2023,1,3,12,21,0,0
20230322,2023-03-22,2023,1,3,12,22,0,0
20230323,2023-03-23,2023,1,3,12,23,0,0
20230324,2023-03-24,2023,1,3,12,24,0,0
20230325,2023-03-25,2023,1,3,12,25,1,1
20230326,2023-03-26,2023,1,3,12,26,1,0
20230327,2023-03-27,2023,1,3,13,27,0,0
20230328,2023-03-28,2023,1,3,13,28,0,0
20230329,2023-03-29,2023,1,3,13,29,0,0
20230330,2023-03-30,2023,1,3,13,30,0,0
20230331,2023-03-31,2023,1,3,13,31,0,0
20230401,2023-04-01,2023,2,4,13,1,1,1
20230402,2023-04-02,2023,2,4,13,2,1,0
20230403,2023-04-03,2023,2,4,14,3,0,0
20230404,2023-04-04,2023,2,4,14,4,0,0
20230405,2023-04-05,2023,2,4,14,5,0,0
20230406,2023-04-06,2023,2,4,14,6,0,0
20230407,2023-04-07,2023,2,4,14,7,0,1
20230408,2023-04-08,2023,2,4,14,8,1,0
20230409,2023-04-09,2023,2,4,14,9,1,0
20230410,2023-04-10,2023,2,4,15,10,0,0
20230411,2023-04-11,2023,2,4,15,11,0,0
20230412,2023-04-12,2023,2,4,15,12,0,0
20230413,2023-04-13,2023,2,4,15,13,0,0
20230414,2023-04-14,2023,2,4,15,14,0,1
20230415,2023-04-15,2023,2,4,15,15,1,0
20230416,2023-04-16,2023,2,4,15,16,1,0
20230417,2023-04-17,2023,2,4,16,17,0,0
20230418,2023-04-18,2023,2,4,16,18,0,0
20230419,2023-04-19,2023,2,4,16,19,0,1
20230420,2023-04-20,2023,2,4,16,20,0,1
20230421,2023-04-21,2023,2,4,16,21,0,0
20230422,2023-04-22,2023,2,4,16,22,1,0
20230423,2023-04-23,2023,2,4,16,23,1,0
20230424,2023-04-24,2023,2,4,17,24,0,1
20230425,2023-04-25,2023,2,4,17,25,0,0
20230426,2023-04-26,2023,2,4,17,26,0,0
20230427,2023-04-27,2023,2,4,17,27,0,0
20230428,2023-04-28,2023,2,4,17,28,0,0
20230429,2023-04-29,2023,2,4,17,29,1,0
20230430,2023-04-30,2023,2,4,17,30,1,0
20230501,2023-05-01,2023,2,5,18,1,0,0
20230502,2023-05-02,2023,2,5,18,2,0,0
20230503,2023-05-03,2023,2,5,18,3,0,0
20230504,2023-05-04,2023,2,5,18,4,0,0
20230505,2023-05-05,2023,2,5,18,5,0,1
20230506,2023-05-06,2023,2,5,18,6,1,0
20230507,2023-05-07,2023,2,5,18,7,1,0
20230508,2023-05-08,2023,2,5,19,8,0,0
20230509,2023-05-09,2023,2,5,19,9,0,0
20230510,2023-05-10,2023,2,5,19,10,0,1
20230511,2023-05-11,2023,2,5,19,11,0,1
20230512,2023-05-12,2023,2,5,19,12,0,0
20230513,2023-05-13,2023,2,5,19,13,1,0
20230514,2023-05-14,2023,2,5,19,14,1,0
20230515,2023-05-15,2023,2,5,20,15,0,1
20230516,2023-05-16,2023,2,5,20,16,0,1
20230517,2023-05-17,2023,2,5,20,17,0,0
20230518,2023-05-18,2023,2,5,20,18,0,0
20230519,2023-05-19,2023,2,5,20,19,0,0
20230520,2023-05-20,2023,2,5,20,20,1,0
20230521,2023-05-21,2023,2,5,20,21,1,0
20230522,2023-05-22,2023,2,5,21,22,0,1
20230523,2023-05-23,2023,2,5,21,23,0,0
20230524,2023-05-24,2023,2,5,21,24,0,0
20230525,2023-05-25,2023,2,5,21,25,0,0
20230526,2023-05-26,2023,2,5,21,26,0,0
20230527,2023-05-27,2023,2,5,21,27,1,0
20230528,2023-05-28,2023,2,5,21,28,1,0
20230529,2023-05-29,2023,2,5,22,29,0,0
20230530,2023-05-30,2023,2,5,22,30,0,0
20230531,2023-05-31,2023,2,5,22,31,0,1
20230601,2023-06-01,2023,2,6,22,1,0,1
20230602,2023-06-02,2023,2,6,22,2,0,0
20230603,2023-06-03,2023,2,6,22,3,1,0
20230604,2023-06-04,2023,2,6,22,4,1,1
20230605,2023-06-05,2023,2,6,23,5,0,1
20230606,2023-06-06,2023,2,6,23,6,0,0
20230607,2023-06-07,2023,2,6,23,7,0,0
20230608,2023-06-08,2023,2,6,23,8,0,1
20230609,2023-06-09,2023,2,6,23,9,0,0
20230610,2023-06-10,2023,2,6,23,10,1,0
20230611,2023-06-11,2023,2,6,23,11,1,0
20230612,2023-06-12,2023,2,6,24,12,0,0
20230613,2023-06-13,2023,2,6,24,13,0,0
20230614,2023-06-14,2023,2,6,24,14,0,1
20230615,2023-06-15,2023,2,6,24,15,0,0
20230616,2023-06-16,2023,2,6,24,16,0,1
20230617,2023-06-17,2023,2,6,24,17,1,1
20230618,2023-06-18,2023,2,6,24,18,1,0
20230619,2023-06-19,2023,2,6,25,19,0,0
20230620,2023-06-20,2023,2,6,25,20,0,0
20230621,2023-06-21,2023,2,6,25,21,0,1
20230622,2023-06-22,2023,2,6,25,22,0,0
20230623,2023-06-23,2023,2,6,25,23,0,0
20230624,2023-06-24,2023,2,6,25,24,1,0
20230625,2023-06-25,2023,2,6,25,25,1,0
20230626,2023-06-26,2023,2,6,26,26,0,0
20230627,2023-06-27,2023,2,6,26,27,0,0
20230628,2023-06-28,2023,2,6,26,28,0,0
20230629,2023-06-29,2023,2,6,26,29,0,0
20230630,2023-06-30,2023,2,6,26,30,0,0
20230701,2023-07-01,2023,3,7,26,1,1,1
20230702,2023-07-02,2023,3,7,26,2,1,1
20230703,2023-07-03,2023,3,7,27,3,0,0
20230704,2023-07-04,2023,3,7,27,4,0,0
20230705,2023-07-05,2023,3,7,27,5,0,1
20230706,2023-07-06,2023,3,7,27,6,0,0
20230707,2023-07-07,2023,3,7,27,7,0,0
20230708,2023-07-08,2023,3,7,27,8,1,0
20230709,2023-07-09,2023,3,7,27,9,1,1
20230710,2023-07-10,2023,3,7,28,10,0,0
20230711,2023-07-11,2023,3,7,28,11,0,0
20230712,2023-07-12,2023,3,7,28,12,0,1
20230713,2023-07-13,2023,3,7,28,13,0,0
20230714,2023-07-14,2023,3,7,28,14,0,0
20230715,2023-07-15,2023,3,7,28,15,1,0
20230716,2023-07-16,2023,3,7,28,16,1,0
20230717,2023-07-17,2023,3,7,29,17,0,0
20230718,2023-07-18,2023,3,7,29,18,0,1
20230719,2023-07-19,2023,3,7,29,19,0,0
20230720,2023-07-20,2023,3,7,29,20,0,0
20230721,2023-07-21,2023,3,7,29,21,0,0
20230722,2023-07-22,2023,3,7,29,22,1,0
20230723,2023-07-23,2023,3,7,29,23,1,1
20230724,2023-07-24,2023,3,7,30,24,0,0
20230725,2023-07-25,2023,3,7,30,25,0,0
20230726,2023-07-26,2023,3,7,30,26,0,0
20230727,2023-07-27,2023,3,7,30,27,0,0
20230728,2023-07-28,2023,3,7,30,28,0,0
20230729,2023-07-29,2023,3,7,30,29,1,0
20230730,2023-07-30,2023,3,7,30,30,1,0
20230731,2023-07-31,2023,3,7,31,31,0,1
20230801,2023-08-01,2023,3,8,31,1,0,0
20230802,2023-08-02,2023,3,8,31,2,0,0
20230803,2023-08-03,2023,3,8,31,3,0,0
20230804,2023-08-04,2023,3,8,31,4,0,0
20230805,2023-08-05,2023,3,8,31,5,1,0
20230806,2023-08-06,2023,3,8,31,6,1,0
20230807,2023-08-07,2023,3,8,32,7,0,1
20230808,2023-08-08,2023,3,8,32,8,0,0
20230809,2023-08-09,2023,3,8,32,9,0,0
20230810,2023-08-10,2023,3,8,32,10,0,0
20230811,2023-08-11,2023,3,8,32,11,0,0
20230812,2023-08-12,2023,3,8,32,12,1,0
20230813,2023-08-13,2023,3,8,32,13,1,1
20230814,2023-08-14,2023,3,8,33,14,0,1
20230815,2023-08-15,2023,3,8,33,15,0,0
20230816,2023-08-16,2023,3,8,33,16,0,0
20230817,2023-08-17,2023,3,8,33,17,0,0
20230818,2023-08-18,2023,3,8,33,18,0,0
20230819,2023-08-19,2023,3,8,33,19,1,0
20230820,2023-08-20,2023,3,8,33,20,1,0
20230821,2023-08-21,2023,3,8,34,21,0,0
20230822,2023-08-22,2023,3,8,34,22,0,1
20230823,2023-08-23,2023,3,8,34,23,0,0
20230824,2023-08-24,2023,3,8,34,24,0,0
20230825,2023-08-25,2023,3,8,34,25,0,0
20230826,2023-08-26,2023,3,8,34,26,1,1
20230827,2023-08-27,2023,3,8,34,27,1,0
20230828,2023-08-28,2023,3,8,35,28,0,0
20230829,2023-08-29,2023,3,8,35,29,0,1
20230830,2023-08-30,2023,3,8,35,30,0,1
20230831,2023-08-31,2023,3,8,35,31,0,0
20230901,2023-09-01,2023,3,9,35,1,0,0
20230902,2023-09-02,2023,3,9,35,2,1,0
20230903,2023-09-03,2023,3,9,35,3,1,0
20230904,2023-09-04,2023,3,9,36,4,0,0
20230905,2023-09-05,2023,3,9,36,5,0,0
20230906,2023-09-06,2023,3,9,36,6,0,1
20230907,2023-09-07,2023,3,9,36,7,0,0
20230908,2023-09-08,2023,3,9,36,8,0,0
20230909,2023-09-09,2023,3,9,36,9,1,0
20230910,2023-09-10,2023,3,9,36,10,1,0
20230911,2023-09-11,2023,3,9,37,11,0,0
20230912,2023-09-12,2023,3,9,37,12,0,0
20230913,2023-09-13,2023,3,9,37,13,0,0
20230914,2023-09-14,2023,3,9,37,14,0,0
20230915,2023-09-15,2023,3,9,37,15,0,0
20230916,2023-09-16,2023,3,9,37,16,1,0
20230917,2023-09-17,2023,3,9,37,17,1,0
20230918,2023-09-18,2023,3,9,38,18,0,0
20230919,2023-09-19,2023,3,9,38,19,0,0
20230920,2023-09-20,2023,3,9,38,20,0,0
20230921,2023-09-21,2023,3,9,38,21,0,1
20230922,2023-09-22,2023,3,9,38,22,0,0
20230923,2023-09-23,2023,3,9,38,23,1,1
20230924,2023-09-24,2023,3,9,38,24,1,0
20230925,2023-09-25,2023,3,9,39,25,0,0
20230926,2023-09-26,2023,3,9,39,26,0,0
20230927,2023-09-27,2023,3,9,39,27,0,0
20230928,2023-09-28,2023,3,9,39,28,0,0
20230929,2023-09-29,2023,3,9,39,29,0,0
20230930,2023-09-30,2023,3,9,39,30,1,1
20231001,2023-10-01,2023,4,10,39,1,1,0
20231002,2023-10-02,2023,4,10,40,2,0,0
20231003,2023-10-03,2023,4,10,40,3,0,0
20231004,2023-10-04,2023,4,10,40,4,0,0
20231005,2023-10-05,2023,4,10,40,5,0,0
20231006,2023-10-06,2023,4,10,40,6,0,0
20231007,2023-10-07,2023,4,10,40,7,1,0
20231008,2023-10-08,2023,4,10,40,8,1,0
20231009,2023-10-09,2023,4,10,41,9,0,0
20231010,2023-10-10,2023,4,10,41,10,0,0
20231011,2023-10-11,2023,4,10,41,11,0,0
20231012,2023-10-12,2023,4,10,41,12,0,0
20231013,2023-10-13,2023,4,10,41,13,0,0
20231014,2023-10-14,2023,4,10,41,14,1,0
20231015,2023-10-15,2023,4,10,41,15,1,0
20231016,2023-10-16,2023,4,10,42,16,0,0
20231017,2023-10-17,2023,4,10,42,17,0,0
20231018,2023-10-18,2023,4,10,42,18,0,0
20231019,2023-10-19,2023,4,10,42,19,0,0
20231020,2023-10-20,2023,4,10,42,20,0,0
20231021,2023-10-21,2023,4,10,42,21,1,0
20231022,2023-10-22,2023,4,10,42,22,1,1
20231023,2023-10-23,2023,4,10,43,23,0,1
20231024,2023-10-24,2023,4,10,43,24,0,0
20231025,2023-10-25,2023,4,10,43,25,0,0
20231026,2023-10-26,2023,4,10,43,26,0,1
20231027,2023-10-27,2023,4,10,43,27,0,0
20231028,2023-10-28,2023,4,10,43,28,1,0
20231029,2023-10-29,2023,4,10,43,29,1,0
20231030,2023-10-30,2023,4,10,44,30,0,0
20231031,2023-10-31,2023,4,10,44,31,0,0
20231101,2023-11-01,2023,4,11,44,1,0,0
20231102,2023-11-02,2023,4,11,44,2,0,0
20231103,2023-11-03,2023,4,11,44,3,0,1
20231104,2023-11-04,2023,4,11,44,4,1,1
20231105,2023-11-05,2023,4,11,44,5,1,0
20231106,2023-11-06,2023,4,11,45,6,0,0
20231107,2023-11-07,2023,4,11,45,7,0,0
20231108,2023-11-08,2023,4,11,45,8,0,0
20231109,2023-11-09,2023,4,11,45,9,0,0
20231110,2023-11-10,2023,4,11,45,10,0,0
20231111,2023-11-11,2023,4,11,45,11,1,0
20231112,2023-11-12,2023,4,11,45,12,1,0
20231113,2023-11-13,2023,4,11,46,13,0,0
20231114,2023-11-14,2023,4,11,46,14,0,0
20231115,2023-11-15,2023,4,11,46,15,0,0
20231116,2023-11-16,2023,4,11,46,16,0,0
20231117,2023-11-17,2023,4,11,46,17,0,0
20231118,2023-11-18,2023,4,11,46,18,1,0
20231119,2023-11-19,2023,4,11,46,19,1,0
20231120,2023-11-20,2023,4,11,47,20,0,0
20231121,2023-11-21,2023,4,11,47,21,0,0
20231122,2023-11-22,2023,4,11,47,22,0,0
20231123,2023-11-23,2023,4,11,47,23,0,0
20231124,2023-11-24,2023,4,11,47,24,0,0
20231125,2023-11-25,2023,4,11,47,25,1,0
20231126,2023-11-26,2023,4,11,47,26,1,0
20231127,2023-11-27,2023,4,11,48,27,0,1
20231128,2023-11-28,2023,4,11,48,28,0,0
20231129,2023-11-29,2023,4,11,48,29,0,1
20231130,2023-11-30,2023,4,11,48,30,0,1
20231201,2023-12-01,2023,4,12,48,1,0,0
20231202,2023-12-02,2023,4,12,48,2,1,0
20231203,2023-12-03,2023,4,12,48,3,1,0
20231204,2023-12-04,2023,4,12,49,4,0,0
20231205,2023-12-05,2023,4,12,49,5,0,0
20231206,2023-12-06,2023,4,12,49,6,0,0
20231207,2023-12-07,2023,4,12,49,7,0,0
20231208,2023-12-08,2023,4,12,49,8,0,0
20231209,2023-12-09,2023,4,12,49,9,1,1
20231210,2023-12-10,2023,4,12,49,10,1,0
20231211,2023-12-11,2023,4,12,50,11,0,0
20231212,2023-12-12,2023,4,12,50,12,0,0
20231213,2023-12-13,2023,4,12,50,13,0,0
20231214,2023-12-14,2023,4,12,50,14,0,0
20231215,2023-12-15,2023,4,12,50,15,0,0
20231216,2023-12-16,2023,4,12,50,16,1,0
20231217,2023-12-17,2023,4,12,50,17,1,1
20231218,2023-12-18,2023,4,12,51,18,0,0
20231219,2023-12-19,2023,4,12,51,19,0,0
20231220,2023-12-20,2023,4,12,51,20,0,0
20231221,2023-12-21,2023,4,12,51,21,0,0
20231222,2023-12-22,2023,4,12,51,22,0,0
20231223,2023-12-23,2023,4,12,51,23,1,1
20231224,2023-12-24,2023,4,12,51,24,1,0
20231225,2023-12-25,2023,4,12,52,25,0,0
20231226,2023-12-26,2023,4,12,52,26,0,1
20231227,2023-12-27,2023,4,12,52,27,0,1
20231228,2023-12-28,2023,4,12,52,28,0,0
20231229,2023-12-29,2023,4,12,52,29,0,1
20231230,2023-12-30,2023,4,12,52,30,1,0
20231231,2023-12-31,2023,4,12,52,31,1,0
20240101,2024-01-01,2024,1,1,1,1,0,0
20240102,2024-01-02,2024,1,1,1,2,0,0
20240103,2024-01-03,2024,1,1,1,3,0,0
20240104,2024-01-04,2024,1,1,1,4,0,0
20240105,2024-01-05,2024,1,1,1,5,0,1
20240106,2024-01-06,2024,1,1,1,6,1,1
20240107,2024-01-07,2024,1,1,1,7,1,0
20240108,2024-01-08,2024,1,1,2,8,0,0
20240109,2024-01-09,2024,1,1,2,9,0,0
20240110,2024-01-10,2024,1,1,2,10,0,1
20240111,2024-01-11,2024,1,1,2,11,0,0
20240112,2024-01-12,2024,1,1,2,12,0,0
20240113,2024-01-13,2024,1,1,2,13,1,1
20240114,2024-01-14,2024,1,1,2,14,1,0
20240115,2024-01-15,2024,1,1,3,15,0,1
20240116,2024-01-16,2024,1,1,3,16,0,0
20240117,2024-01-17,2024,1,1,3,17,0,0
20240118,2024-01-18,2024,1,1,3,18,0,0
20240119,2024-01-19,2024,1,1,3,19,0,0
20240120,2024-01-20,2024,1,1,3,20,1,0
20240121,2024-01-21,2024,1,1,3,21,1,1
20240122,2024-01-22,2024,1,1,4,22,0,1
20240123,2024-01-23,2024,1,1,4,23,0,0
20240124,2024-01-24,2024,1,1,4,24,0,0
20240125,2024-01-25,2024,1,1,4,25,0,0
20240126,2024-01-26,2024,1,1,4,26,0,1
20240127,2024-01-27,2024,1,1,4,27,1,0
20240128,2024-01-28,2024,1,1,4,28,1,0
20240129,2024-01-29,2024,1,1,5,29,0,1
20240130,2024-01-30,2024,1,1,5,30,0,0
20240131,2024-01-31,2024,1,1,5,31,0,0
20240201,2024-02-01,2024,1,2,5,1,0,0
20240202,2024-02-02,2024,1,2,5,2,0,1
20240203,2024-02-03,2024,1,2,5,3,1,0
20240204,2024-02-04,2024,1,2,5,4,1,0
20240205,2024-02-05,2024,1,2,6,5,0,0
20240206,2024-02-06,2024,1,2,6,6,0,0
20240207,2024-02-07,2024,1,2,6,7,0,0
20240208,2024-02-08,2024,1,2,6,8,0,0
20240209,2024-02-09,2024,1,2,6,9,0,0
20240210,2024-02-10,2024,1,2,6,10,1,0
20240211,2024-02-11,2024,1,2,6,11,1,0
20240212,2024-02-12,2024,1,2,7,12,0,1
20240213,2024-02-13,2024,1,2,7,13,0,1
20240214,2024-02-14,2024,1,2,7,14,0,1
20240215,2024-02-15,2024,1,2,7,15,0,0
20240216,2024-02-16,2024,1,2,7,16,0,1
20240217,2024-02-17,2024,1,2,7,17,1,0
20240218,2024-02-18,2024,1,2,7,18,1,0
20240219,2024-02-19,2024,1,2,8,19,0,0
20240220,2024-02-20,2024,1,2,8,20,0,1
20240221,2024-02-21,2024,1,2,8,21,0,0
20240222,2024-02-22,2024,1,2,8,22,0,0
20240223,2024-02-23,2024,1,2,8,23,0,1
20240224,2024-02-24,2024,1,2,8,24,1,0
20240225,2024-02-25,2024,1,2,8,25,1,0
20240226,2024-02-26,2024,1,2,9,26,0,0
20240227,2024-02-27,2024,1,2,9,27,0,0
20240228,2024-02-28,2024,1,2,9,28,0,0
20240229,2024-02-29,2024,1,2,9,29,0,0
20240301,2024-03-01,2024,1,3,9,1,0,1
20240302,2024-03-02,2024,1,3,9,2,1,0
20240303,2024-03-03,2024,1,3,9,3,1,1
20240304,2024-03-04,2024,1,3,10,4,0,0
20240305,2024-03-05,2024,1,3,10,5,0,0
20240306,2024-03-06,2024,1,3,10,6,0,0
20240307,2024-03-07,2024,1,3,10,7,0,0
20240308,2024-03-08,2024,1,3,10,8,0,0
20240309,2024-03-09,2024,1,3,10,9,1,0
20240310,2024-03-10,2024,1,3,10,10,1,1
20240311,2024-03-11,2024,1,3,11,11,0,0
20240312,2024-03-12,2024,1,3,11,12,0,1
20240313,2024-03-13,2024,1,3,11,13,0,0
20240314,2024-03-14,2024,1,3,11,14,0,0
20240315,2024-03-15,2024,1,3,11,15,0,0
20240316,2024-03-16,2024,1,3,11,16,1,0
20240317,2024-03-17,2024,1,3,11,17,1,0
20240318,2024-03-18,2024,1,3,12,18,0,1
20240319,2024-03-19,2024,1,3,12,19,0,0
20240320,2024-03-20,2024,1,3,12,20,0,0
20240321,2024-03-21,2024,1,3,12,21,0,0
20240322,2024-03-22,2024,1,3,12,22,0,0
20240323,2024-03-23,2024,1,3,12,23,1,0
20240324,2024-03-24,2024,1,3,12,24,1,1
20240325,2024-03-25,2024,1,3,13,25,0,0
20240326,2024-03-26,2024,1,3,13,26,0,0
20240327,2024-03-27,2024,1,3,13,27,0,0
20240328,2024-03-28,2024,1,3,13,28,0,1
20240329,2024-03-29,2024,1,3,13,29,0,0
20240330,2024-03-30,2024,1,3,13,30,1,0
20240331,2024-03-31,2024,1,3,13,31,1,0
20240401,2024-04-01,2024,2,4,14,1,0,1
20240402,2024-04-02,2024,2,4,14,2,0,1
20240403,2024-04-03,2024,2,4,14,3,0,0
20240404,2024-04-04,2024,2,4,14,4,0,0
20240405,2024-04-05,2024,2,4,14,5,0,0
20240406,2024-04-06,2024,2,4,14,6,1,0
20240407,2024-04-07,2024,2,4,14,7,1,0
20240408,2024-04-08,2024,2,4,15,8,0,0
20240409,2024-04-09,2024,2,4,15,9,0,0
20240410,2024-04-10,2024,2,4,15,10,0,0
20240411,2024-04-11,2024,2,4,15,11,0,0
20240412,2024-04-12,2024,2,4,15,12,0,1
20240413,2024-04-13,2024,2,4,15,13,1,0
20240414,2024-04-14,2024,2,4,15,14,1,0
20240415,2024-04-15,2024,2,4,16,15,0,1
20240416,2024-04-16,2024,2,4,16,16,0,0
20240417,2024-04-17,2024,2,4,16,17,0,0
20240418,2024-04-18,2024,2,4,16,18,0,1
20240419,2024-04-19,2024,2,4,16,19,0,0
20240420,2024-04-20,2024,2,4,16,20,1,0
20240421,2024-04-21,2024,2,4,16,21,1,0
20240422,2024-04-22,2024,2,4,17,22,0,0
20240423,2024-04-23,2024,2,4,17,23,0,1
20240424,2024-04-24,2024,2,4,17,24,0,0
20240425,2024-04-25,2024,2,4,17,25,0,0
20240426,2024-04-26,2024,2,4,17,26,0,1
20240427,2024-04-27,2024,2,4,17,27,1,0
20240428,2024-04-28,2024,2,4,17,28,1,0
20240429,2024-04-29,2024,2,4,18,29,0,1
20240430,2024-04-30,2024,2,4,18,30,0,0
20240501,2024-05-01,2024,2,5,18,1,0,0
20240502,2024-05-02,2024,2,5,18,2,0,0
20240503,2024-05-03,2024,2,5,18,3,0,0
20240504,2024-05-04,2024,2,5,18,4,1,0
20240505,2024-05-05,2024,2,5,18,5,1,0
20240506,2024-05-06,2024,2,5,19,6,0,1
20240507,2024-05-07,2024,2,5,19,7,0,0
20240508,2024-05-08,2024,2,5,19,8,0,0
20240509,2024-05-09,2024,2,5,19,9,0,0
20240510,2024-05-10,2024,2,5,19,10,0,1
20240511,2024-05-11,2024,2,5,19,11,1,0
20240512,2024-05-12,2024,2,5,19,12,1,0
20240513,2024-05-13,2024,2,5,20,13,0,0
20240514,2024-05-14,2024,2,5,20,14,0,0
20240515,2024-05-15,2024,2,5,20,15,0,0
20240516,2024-05-16,2024,2,5,20,16,0,1
20240517,2024-05-17,2024,2,5,20,17,0,0
20240518,2024-05-18,2024,2,5,20,18,1,0
20240519,2024-05-19,2024,2,5,20,19,1,0
20240520,2024-05-20,2024,2,5,21,20,0,0
20240521,2024-05-21,2024,2,5,21,21,0,0
20240522,2024-05-22,2024,2,5,21,22,0,0
20240523,2024-05-23,2024,2,5,21,23,0,0
20240524,2024-05-24,2024,2,5,21,24,0,0
20240525,2024-05-25,2024,2,5,21,25,1,0
20240526,2024-05-26,2024,2,5,21,26,1,1
20240527,2024-05-27,2024,2,5,22,27,0,0
20240528,2024-05-28,2024,2,5,22,28,0,0
20240529,2024-05-29,2024,2,5,22,29,0,0
20240530,2024-05-30,2024,2,5,22,30,0,0
20240531,2024-05-31,2024,2,5,22,31,0,0
20240601,2024-06-01,2024,2,6,22,1,1,0
20240602,2024-06-02,2024,2,6,22,2,1,1
20240603,2024-06-03,2024,2,6,23,3,0,0
20240604,2024-06-04,2024,2,6,23,4,0,0
20240605,2024-06-05,2024,2,6,23,5,0,0
20240606,2024-06-06,2024,2,6,23,6,0,0
20240607,2024-06-07,2024,2,6,23,7,0,0
20240608,2024-06-08,2024,2,6,23,8,1,0
20240609,2024-06-09,2024,2,6,23,9,1,0
20240610,2024-06-10,2024,2,6,24,10,0,0
20240611,2024-06-11,2024,2,6,24,11,0,0
20240612,2024-06-12,2024,2,6,24,12,0,0
20240613,2024-06-13,2024,2,6,24,13,0,0
20240614,2024-06-14,2024,2,6,24,14,0,1
20240615,2024-06-15,2024,2,6,24,15,1,0
20240616,2024-06-16,2024,2,6,24,16,1,1
20240617,2024-06-17,2024,2,6,25,17,0,0
20240618,2024-06-18,2024,2,6,25,18,0,0
20240619,2024-06-19,2024,2,6,25,19,0,0
20240620,2024-06-20,2024,2,6,25,20,0,1
20240621,2024-06-21,2024,2,6,25,21,0,0
20240622,2024-06-22,2024,2,6,25,22,1,1
20240623,2024-06-23,2024,2,6,25,23,1,0
20240624,2024-06-24,2024,2,6,26,24,0,0
20240625,2024-06-25,2024,2,6,26,25,0,0
20240626,2024-06-26,2024,2,6,26,26,0,0
20240627,2024-06-27,2024,2,6,26,27,0,0
20240628,2024-06-28,2024,2,6,26,28,0,0
20240629,2024-06-29,2024,2,6,26,29,1,0
20240630,2024-06-30,2024,2,6,26,30,1,0
20240701,2024-07-01,2024,3,7,27,1,0,0
20240702,2024-07-02,2024,3,7,27,2,0,0
20240703,2024-07-03,2024,3,7,27,3,0,0
20240704,2024-07-04,2024,3,7,27,4,0,0
20240705,2024-07-05,2024,3,7,27,5,0,1
20240706,2024-07-06,2024,3,7,27,6,1,0
20240707,2024-07-07,2024,3,7,27,7,1,0
20240708,2024-07-08,2024,3,7,28,8,0,0
20240709,2024-07-09,2024,3,7,28,9,0,0
20240710,2024-07-10,2024,3,7,28,10,0,0
20240711,2024-07-11,2024,3,7,28,11,0,0
20240712,2024-07-12,2024,3,7,28,12,0,0
20240713,2024-07-13,2024,3,7,28,13,1,0
20240714,2024-07-14,2024,3,7,28,14,1,0
20240715,2024-07-15,2024,3,7,29,15,0,1
20240716,2024-07-16,2024,3,7,29,16,0,0
20240717,2024-07-17,2024,3,7,29,17,0,0
20240718,2024-07-18,2024,3,7,29,18,0,0
20240719,2024-07-19,2024,3,7,29,19,0,0
20240720,2024-07-20,2024,3,7,29,20,1,0
20240721,2024-07-21,2024,3,7,29,21,1,1
20240722,2024-07-22,2024,3,7,30,22,0,0
20240723,2024-07-23,2024,3,7,30,23,0,0
20240724,2024-07-24,2024,3,7,30,24,0,1
20240725,2024-07-25,2024,3,7,30,25,0,0
20240726,2024-07-26,2024,3,7,30,26,0,0
20240727,2024-07-27,2024,3,7,30,27,1,0
20240728,2024-07-28,2024,3,7,30,28,1,1
20240729,2024-07-29,2024,3,7,31,29,0,0
20240730,2024-07-30,2024,3,7,31,30,0,0
20240731,2024-07-31,2024,3,7,31,31,0,0
20240801,2024-08-01,2024,3,8,31,1,0,1
20240802,2024-08-02,2024,3,8,31,2,0,0
20240803,2024-08-03,2024,3,8,31,3,1,0
20240804,2024-08-04,2024,3,8,31,4,1,0
20240805,2024-08-05,2024,3,8,32,5,0,0
20240806,2024-08-06,2024,3,8,32,6,0,1
20240807,2024-08-07,2024,3,8,32,7,0,0
20240808,2024-08-08,2024,3,8,32,8,0,0
20240809,2024-08-09,2024,3,8,32,9,0,0
20240810,2024-08-10,2024,3,8,32,10,1,0
20240811,2024-08-11,2024,3,8,32,11,1,0
20240812,2024-08-12,2024,3,8,33,12,0,0
20240813,2024-08-13,2024,3,8,33,13,0,0
20240814,2024-08-14,2024,3,8,33,14,0,0
20240815,2024-08-15,2024,3,8,33,15,0,0
20240816,2024-08-16,2024,3,8,33,16,0,1
20240817,2024-08-17,2024,3,8,33,17,1,0
20240818,2024-08-18,2024,3,8,33,18,1,0
20240819,2024-08-19,2024,3,8,34,19,0,0
20240820,2024-08-20,2024,3,8,34,20,0,1
20240821,2024-08-21,2024,3,8,34,21,0,1
20240822,2024-08-22,2024,3,8,34,22,0,1
20240823,2024-08-23,2024,3,8,34,23,0,0
20240824,2024-08-24,2024,3,8,34,24,1,0
20240825,2024-08-25,2024,3,8,34,25,1,0
20240826,2024-08-26,2024,3,8,35,26,0,0
20240827,2024-08-27,2024,3,8,35,27,0,0
20240828,2024-08-28,2024,3,8,35,28,0,0
20240829,2024-08-29,2024,3,8,35,29,0,0
20240830,2024-08-30,2024,3,8,35,30,0,0
20240831,2024-08-31,2024,3,8,35,31,1,0
20240901,2024-09-01,2024,3,9,35,1,1,0
20240902,2024-09-02,2024,3,9,36,2,0,0
20240903,2024-09-03,2024,3,9,36,3,0,0
20240904,2024-09-04,2024,3,9,36,4,0,0
20240905,2024-09-05,2024,3,9,36,5,0,0
20240906,2024-09-06,2024,3,9,36,6,0,0
20240907,2024-09-07,2024,3,9,36,7,1,1
20240908,2024-09-08,2024,3,9,36,8,1,0
20240909,2024-09-09,2024,3,9,37,9,0,0
20240910,2024-09-10,2024,3,9,37,10,0,0
20240911,2024-09-11,2024,3,9,37,11,0,1
20240912,2024-09-12,2024,3,9,37,12,0,0
20240913,2024-09-13,2024,3,9,37,13,0,0
20240914,2024-09-14,2024,3,9,37,14,1,0
20240915,2024-09-15,2024,3,9,37,15,1,0
20240916,2024-09-16,2024,3,9,38,16,0,0
20240917,2024-09-17,2024,3,9,38,17,0,0
20240918,2024-09-18,2024,3,9,38,18,0,1
20240919,2024-09-19,2024,3,9,38,19,0,0
20240920,2024-09-20,2024,3,9,38,20,0,0
20240921,2024-09-21,2024,3,9,38,21,1,0
20240922,2024-09-22,2024,3,9,38,22,1,0
20240923,2024-09-23,2024,3,9,39,23,0,0
20240924,2024-09-24,2024,3,9,39,24,0,0
20240925,2024-09-25,2024,3,9,39,25,0,0
20240926,2024-09-26,2024,3,9,39,26,0,0
20240927,2024-09-27,2024,3,9,39,27,0,1
20240928,2024-09-28,2024,3,9,39,28,1,0
20240929,2024-09-29,2024,3,9,39,29,1,0
20240930,2024-09-30,2024,3,9,40,30,0,1
20241001,2024-10-01,2024,4,10,40,1,0,1
20241002,2024-10-02,2024,4,10,40,2,0,0
20241003,2024-10-03,2024,4,10,40,3,0,0
20241004,2024-10-04,2024,4,10,40,4,0,1
20241005,2024-10-05,2024,4,10,40,5,1,0
20241006,2024-10-06,2024,4,10,40,6,1,0
20241007,2024-10-07,2024,4,10,41,7,0,0
20241008,2024-10-08,2024,4,10,41,8,0,0
20241009,2024-10-09,2024,4,10,41,9,0,0
20241010,2024-10-10,2024,4,10,41,10,0,0
20241011,2024-10-11,2024,4,10,41,11,0,0
20241012,2024-10-12,2024,4,10,41,12,1,0
20241013,2024-10-13,2024,4,10,41,13,1,0
20241014,2024-10-14,2024,4,10,42,14,0,0
20241015,2024-10-15,2024,4,10,42,15,0,0
20241016,2024-10-16,2024,4,10,42,16,0,0
20241017,2024-10-17,2024,4,10,42,17,0,0
20241018,2024-10-18,2024,4,10,42,18,0,0
20241019,2024-10-19,2024,4,10,42,19,1,0
20241020,2024-10-20,2024,4,10,42,20,1,0
20241021,2024-10-21,2024,4,10,43,21,0,0
20241022,2024-10-22,2024,4,10,43,22,0,0
20241023,2024-10-23,2024,4,10,43,23,0,1
20241024,2024-10-24,2024,4,10,43,24,0,0
20241025,2024-10-25,2024,4,10,43,25,0,0
20241026,2024-10-26,2024,4,10,43,26,1,0
20241027,2024-10-27,2024,4,10,43,27,1,1
20241028,2024-10-28,2024,4,10,44,28,0,0
20241029,2024-10-29,2024,4,10,44,29,0,0
20241030,2024-10-30,2024,4,10,44,30,0,0
20241031,2024-10-31,2024,4,10,44,31,0,0
20241101,2024-11-01,2024,4,11,44,1,0,0
20241102,2024-11-02,2024,4,11,44,2,1,0
20241103,2024-11-03,2024,4,11,44,3,1,1
20241104,2024-11-04,2024,4,11,45,4,0,0
20241105,2024-11-05,2024,4,11,45,5,0,1
20241106,2024-11-06,2024,4,11,45,6,0,0
20241107,2024-11-07,2024,4,11,45,7,0,0
20241108,2024-11-08,2024,4,11,45,8,0,1
20241109,2024-11-09,2024,4,11,45,9,1,0
20241110,2024-11-10,2024,4,11,45,10,1,1
20241111,2024-11-11,2024,4,11,46,11,0,1
20241112,2024-11-12,2024,4,11,46,12,0,0
20241113,2024-11-13,2024,4,11,46,13,0,1
20241114,2024-11-14,2024,4,11,46,14,0,0
20241115,2024-11-15,2024,4,11,46,15,0,0
20241116,2024-11-16,2024,4,11,46,16,1,0
20241117,2024-11-17,2024,4,11,46,17,1,1
20241118,2024-11-18,2024,4,11,47,18,0,0
20241119,2024-11-19,2024,4,11,47,19,0,0
20241120,2024-11-20,2024,4,11,47,20,0,0
20241121,2024-11-21,2024,4,11,47,21,0,0
20241122,2024-11-22,2024,4,11,47,22,0,0
20241123,2024-11-23,2024,4,11,47,23,1,0
20241124,2024-11-24,2024,4,11,47,24,1,0
20241125,2024-11-25,2024,4,11,48,25,0,0
20241126,2024-11-26,2024,4,11,48,26,0,0
20241127,2024-11-27,2024,4,11,48,27,0,0
20241128,2024-11-28,2024,4,11,48,28,0,0
20241129,2024-11-29,2024,4,11,48,29,0,1
20241130,2024-11-30,2024,4,11,48,30,1,0
20241201,2024-12-01,2024,4,12,48,1,1,0
20241202,2024-12-02,2024,4,12,49,2,0,0
20241203,2024-12-03,2024,4,12,49,3,0,0
20241204,2024-12-04,2024,4,12,49,4,0,0
20241205,2024-12-05,2024,4,12,49,5,0,1
20241206,2024-12-06,2024,4,12,49,6,0,0
20241207,2024-12-07,2024,4,12,49,7,1,0
20241208,2024-12-08,2024,4,12,49,8,1,1
20241209,2024-12-09,2024,4,12,50,9,0,0
20241210,2024-12-10,2024,4,12,50,10,0,0
20241211,2024-12-11,2024,4,12,50,11,0,1
20241212,2024-12-12,2024,4,12,50,12,0,0
20241213,2024-12-13,2024,4,12,50,13,0,1
20241214,2024-12-14,2024,4,12,50,14,1,0
20241215,2024-12-15,2024,4,12,50,15,1,0
20241216,2024-12-16,2024,4,12,51,16,0,0
20241217,2024-12-17,2024,4,12,51,17,0,0
20241218,2024-12-18,2024,4,12,51,18,0,0
20241219,2024-12-19,2024,4,12,51,19,0,0
20241220,2024-12-20,2024,4,12,51,20,0,0
20241221,2024-12-21,2024,4,12,51,21,1,0
20241222,2024-12-22,2024,4,12,51,22,1,0
20241223,2024-12-23,2024,4,12,52,23,0,0
20241224,2024-12-24,2024,4,12,52,24,0,0
20241225,2024-12-25,2024,4,12,52,25,0,0
20241226,2024-12-26,2024,4,12,52,26,0,0
20241227,2024-12-27,2024,4,12,52,27,0,0
20241228,2024-12-28,2024,4,12,52,28,1,0
20241229,2024-12-29,2024,4,12,52,29,1,0
20241230,2024-12-30,2024,4,12,1,30,0,1
20241231,2024-12-31,2024,4,12,1,31,0,0
